,phrase,label,sentiment,subjectivity,language,count
Japan,,,,,,
Afghanistan,,,,,,
Alaska,,,,,,
Bangladesh,,,,,,
Philippines,,,,,,
Taiwan,,,,,,
the United States Geological Survey,,,,,,
Mexico,,,,,,
Dhaka,,,,,,
Aomori,,,,,,
Pakistan,,,,,,
California,,,,,,
Myanmar,,,,,,
Anchorage,,,,,,
Nepal,,,,,,
TOKYO,,,,,,
Chile,,,,,,
Indonesia,,,,,,
Canada,,,,,,
Mazar-e Sharif,,,,,,
India,,,,,,
Turkey,,,,,,
Pacific,,,,,,
San Francisco,,,,,,
Türkiye,,,,,,
Kolkata,,,,,,
Sumatra,,,,,,
Cebu,,,,,,
Tokyo,,,,,,
the United States,,,,,,
Nevada,,,,,,
Earth,,,,,,
Yilan,,,,,,
Aomori Prefecture,,,,,,
Mexico City,,,,,,
U.S.,,,,,,
Pacific coast,,,,,,
Tibet,,,,,,
Hawaii,,,,,,
Hokkaido,,,,,,
DHAKA,,,,,,
KABUL,,,,,,
the Bay Area,,,,,,
San Ramon,,,,,,
Kosovo,,,,,,
Yakutat,,,,,,
Antarctica,,,,,,
Lancashire,,,,,,
the Pacific Ocean,,,,,,
UK,,,,,,
Istanbul,,,,,,
China,,,,,,
America,,,,,,
TAIPEI,,,,,,
Honshu,,,,,,
Oregon,,,,,,
Europe,,,,,,
Colombia,,,,,,
Baculin,,,,,,
Penang,,,,,,
Southcentral,,,,,,
Shimane,,,,,,
US,,,,,,
Kilauea,,,,,,
Acapulco,,,,,,
Israel,,,,,,
Afghan,,,,,,
Argentina,,,,,,
Kumamoto,,,,,,
South America's,,,,,,
Gilroy,,,,,,
Santa Rosa,,,,,,
Cape Horn,,,,,,
Vallejo,,,,,,
Mount Etna,,,,,,
Tennessee,,,,,,
Aceh Province,,,,,,
Taipei,,,,,,
North Sulawesi,,,,,,
Delhi,,,,,,
Mazar,,,,,,
Balikesir province,,,,,,
myanmar,,,,,,
Mazar-e-Sharif,,,,,,
Sındırgı,,,,,,
Peru,,,,,,
Northeast India,,,,,,
Adelaide,,,,,,
megaquake,,,,,,
San Luis Obispo County,,,,,,
the San Andreas Fault,,,,,,
Ireland,,,,,,
Willow,,,,,,
Kyrgyzstan,,,,,,
JUNEAU,,,,,,
Lake Issyk-Kul,,,,,,
eastern Ontario,,,,,,
Narsingdi,,,,,,
ISTANBUL,,,,,,
Shimane Prefecture,,,,,,
Iwate,,,,,,
Tamon,,,,,,
Northern Japan,,,,,,
Quebec,,,,,,
Southern New England,,,,,,
Russia,,,,,,
Ore.,,,,,,
Los Angeles,,,,,,
the Pacific Northwest,,,,,,
England,,,,,,
Iran,,,,,,
Karnataka,,,,,,
The United States,,,,,,
Guam,,,,,,
earth,,,,,,
MANILA,,,,,,
western Türkiye,,,,,,
Yangon,,,,,,
Mandalay,,,,,,
Xinjiang,,,,,,
Santa Barbara Island,,,,,,
the Sndrg district,,,,,,
Northern Afghanistan,,,,,,
Asia,,,,,,
Balkh province,,,,,,
Balikesir,,,,,,
Kunar province,,,,,,
Mindanao,,,,,,
the Northern Territory's,,,,,,
Jakarta,,,,,,
Vijayapura,,,,,,
Big Island,,,,,,
Aso City,,,,,,
Hualien city,,,,,,
Fukushima,,,,,,
Calif.,,,,,,
Rattles Bay Area,,,,,,
Balıkesir,,,,,,
An Enormous Lake,,,,,,
Northern Sumatra,,,,,,
the east coast,,,,,,
the Bay of Bengal,,,,,,
Cyprus,,,,,,
Kathmandu,,,,,,
Myrtle Beach,,,,,,
Wellington,,,,,,
Hawai'i Island,,,,,,
The United States Geological Survey,,,,,,
Singapore,,,,,,
Paso Robles,,,,,,
Marion,,,,,,
Central Coast,,,,,,
LOS ANGELES/OTTAWA,,,,,,
Templeton,,,,,,
Gulf of California,,,,,,
Zone VI,,,,,,
Sendai City,,,,,,
the Marmara Sea,,,,,,
northeastern coast,,,,,,
Alps,,,,,,
Misawa,,,,,,
southcentral,,,,,,
Atacama,,,,,,
Vallenar,,,,,,
Udalguri,,,,,,
North Carolina,,,,,,
Silverdale,,,,,,
Guerrero,,,,,,
Balochistan,,,,,,
Chile Argentina,,,,,,
"Mandalay, Burma",,,,,,
Douglas counties,,,,,,
El Paso,,,,,,
Colorado,,,,,,
Elbert,,,,,,
Scotland,,,,,,
B.C.,,,,,,
Vancouver Island,,,,,,
the Noto Peninsula,,,,,,
Aceh Besar,,,,,,
San Marcos,,,,,,
MEXICO CITY,,,,,,
trembler,,,,,,
Major Fault Zones,,,,,,
North America,,,,,,
the West Coast,,,,,,
the Cumberland Gap,,,,,,
Tottori Prefecture,,,,,,
magnitude-6.2,,,,,,
BEIJING,,,,,,
the Tajik Autonomous County,,,,,,
Taxkorgan,,,,,,
San Andreas,,,,,,
Kashgar,,,,,,
Xinjiang Uygur Autonomous Region,,,,,,
Perak,,,,,,
Malaysia,,,,,,
New England,,,,,,
Khuzdar,,,,,,
Perthshire,,,,,,
Darrang,,,,,,
Skwentna,,,,,,
Merizo Village,,,,,,
North Korea,,,,,,
Pacocha,,,,,,
the Atlantic Ocean,,,,,,
France,,,,,,
Utah,,,,,,
Groningen,,,,,,
Vanuatu,,,,,,
Rome,,,,,,
Jamaica,,,,,,
Southwest,,,,,,
NEW MEXICO,,,,,,
Vietnam,,,,,,
South America,,,,,,
Southern Mexico,,,,,,
Portland,,,,,,
Italy,,,,,,
Gaza,,,,,,
South Sudan,,,,,,
Santorini,,,,,,
Sri Lanka,,,,,,
Tehran,,,,,,
Aceh,,,,,,
North America's,,,,,,
Ethiopia,,,,,,
Latin America,,,,,,
the United Kingdom,,,,,,
Indian Ocean,,,,,,
Danapur,,,,,,
Brazil,,,,,,
Tenn.,,,,,,
Caribbean,,,,,,
Southport,,,,,,
Tughrul,,,,,,
the Mariana Trench,,,,,,
Eastern Europe,,,,,,
Rey,,,,,,
San Diego,,,,,,
Hamadori,,,,,,
Fukushima Prefecture,,,,,,
San Andreas Fault,,,,,,
Aegean Sea,,,,,,
Humphreys County,,,,,,
Amyntaio,,,,,,
Florina,,,,,,
Texas,,,,,,
ROME,,,,,,
Woodland Hills,,,,,,
Morocco,,,,,,
the Marina Islands,,,,,,
Colosseum,,,,,,
the Tianshan Mountains,,,,,,
Canadas Yukon,,,,,,
Bay of Bengal,,,,,,
the Tintina Fault,,,,,,
Mountain Regions,,,,,,
North China,,,,,,
Oakland,,,,,,
Tecoanapa,,,,,,
Sumatra island,,,,,,
The East Bay,,,,,,
Las Vegas,,,,,,
Morecambe Bay,,,,,,
Sonoma County,,,,,,
Shakes Anchorage,,,,,,
NW China's,,,,,,
the U.S.s West Coast,,,,,,
Lombardia,,,,,,
The Anchorage Area,,,,,,
Philippines--(ANTARA,,,,,,
Willow Alaska,,,,,,
‌earthquake,,,,,,
The United States Geologic…,,,,,,
Southeast Kentucky,,,,,,
Ocean,,,,,,
KY,,,,,,
East Bay,,,,,,
Portugal,,,,,,
San Francisco’s,,,,,,
Venezuela,,,,,,
Chugoku,,,,,,
The City of Churches,,,,,,
Ren,,,,,,
Shinkansen,,,,,,
Sapporo,,,,,,
Bay Area,,,,,,
New Jersey,,,,,,
⁠the,,,,,,
Dec ‌27,,,,,,
Northern Lights,,,,,,
Banda Aceh,,,,,,
Iwate Prefecture,,,,,,
northern coast,,,,,,
Fukushima Daiichi,,,,,,
Taitung,,,,,,
Northeastern Japan,,,,,,
Haiti,,,,,,
North,,,,,,
Japans Niigata,,,,,,
north,,,,,,
Kushimoto,,,,,,
Wakayama Prefecture,,,,,,
Niigata,,,,,,
northeast,,,,,,
Japans,,,,,,
"the United States
",,,,,,
Pacific Coast,,,,,,
Pacific Island,,,,,,
Spain,,,,,,
Outback city,,,,,,
South,,,,,,
Lancash,,,,,,
the Nankai Trough,,,,,,
Calama,,,,,,
exper,,,,,,
the East Bay,,,,,,
Qld,,,,,,
Washington,,,,,,
Australia,,,,,,
New South Wales,,,,,,
Yukon,,,,,,
M6.6,,,,,,
the Yukon Territory,,,,,,
Judah,,,,,,
Kinross,,,,,,
Lancaster,,,,,,
San Ramon’s,,,,,,
Perth,,,,,,
Yorkshire,,,,,,
Wales,,,,,,
Highlands,,,,,,
the South Bay,,,,,,
Antioch,,,,,,
New Zealand,,,,,,
San José,,,,,,
Colorado South,,,,,,
Tehran province,,,,,,
Toghrul,,,,,,
Islamabad,,,,,,
the Pacific coast,,,,,,
Tropical Storm,,,,,,
Palestine,,,,,,
Denver,,,,,,
Gothenburg,,,,,,
New York,,,,,,
worl,,,,,,
Massachusetts,,,,,,
New York’s,,,,,,
Kobe,,,,,,
Oita City,,,,,,
Great California,,,,,,
San Diego County,,,,,,
Long Island,,,,,,
Sicily,,,,,,
Bursa,,,,,,
East Wing,,,,,,
Guadeloupe,,,,,,
NC,,,,,,
Puerto Rico,,,,,,
SAN JUAN,,,,,,
Jilin,,,,,,
Hunchun,,,,,,
heritageThe Hill,,,,,,
strieks Guam,,,,,,
WASHINGTON,,,,,,
Ont.,,,,,,
Sudbury,,,,,,
Indias,,,,,,
earthquakeSelf,,,,,,
Seattle,,,,,,
the Great East Japan Earthquake,,,,,,
Afgha,,,,,,
A.C,,,,,,
Bandung,,,,,,
West Java,,,,,,
Johor,,,,,,
Karatung,,,,,,
Manay,,,,,,
Palau,,,,,,
magnitude-7.4,,,,,,
Davao,,,,,,
Cebu Province,,,,,,
Greenland,,,,,,
Sarawak,,,,,,
West Bandung,,,,,,
Sabah,,,,,,
Borneo,,,,,,
Peninsular Malaysia,,,,,,
Terengganu,,,,,,
Pahang,,,,,,
Mazar Dara valley,,,,,,
Us,,,,,,
Manado,,,,,,
Karatung Island,,,,,,
Manila,,,,,,
the Philippine Sea,,,,,,
the Lembang Fault,,,,,,
the East African,,,,,,
Bacolod City,,,,,,
Kanlaon Volcano,,,,,,
Bacolod,,,,,,
Pythias Oasis,,,,,,
Pythia's Oasis,,,,,,
MyShake,,,,,,
"San Andreas Fault
",,,,,,
Visayas,,,,,,
Dublin,,,,,,
temblo,,,,,,
The West Coast,,,,,,
Medellin,,,,,,
Gibitngil,,,,,,
Sindir,,,,,,
Manisa,,,,,,
Lake Turkana Rift,,,,,,
Behn,,,,,,
Aleutian Islands,,,,,,
Alaskas,,,,,,
Northridge,,,,,,
Nutcracker,,,,,,
Northern Luzon,,,,,,
Uwan,,,,,,
Mountain,,,,,,
the East African Rift System,,,,,,
Egypt,,,,,,
Yamada,,,,,,
policya,,,,,,
New Jers…,,,,,,
Virginia,,,,,,
Santa Rosalía,,,,,,
GNSS,,,,,,
Sylhet,,,,,,
Montenegro,,,,,,
Moscow,,,,,,
Sindirgi,,,,,,
Eastern India,,,,,,
Kenya,,,,,,
Ethiopi,,,,,,
Kaski district,,,,,,
Ashulia,,,,,,
Seychelles,,,,,,
Sa,,,,,,
W Bengal,,,,,,
the United States Geological,,,,,,
Balkesirs Sndrg,,,,,,
Marmara,,,,,,
North M,,,,,,
Klauea Volcano,,,,,,
Kīlauea Volcano,,,,,,
TikToks,,,,,,
Concord,,,,,,
Melbourne,,,,,,
Brumadinh,,,,,,
Rome Collapses,,,,,,
Lebanon,,,,,,
Valtonera,,,,,,
Puerto Rico's,,,,,,
Pacific Northwest,,,,,,
Atlantic,,,,,,
Cascadia,,,,,,
Black River,,,,,,
U.K.,,,,,,
Puerto Rico’s,,,,,,
Noto Peninsula,,,,,,
Astoria,,,,,,
Jiuzhaigou,,,,,,
Timor-Leste,,,,,,
the Banda Sea,,,,,,
Banda Sea,,,,,,
the Simav Fault,,,,,,
Balkesir,,,,,,
ANKARA,,,,,,
Southern California,,,,,,
Kunar,,,,,,
Spedar,,,,,,
Sunda,,,,,,
Netherlands,,,,,,
Madagascar,,,,,,
Roman,,,,,,
Haneda,,,,,,
Narita,,,,,,
Myanmars,,,,,,
Bhutnal Tanda,,,,,,
Vizag,,,,,,
Northern Chile,,,,,,
Typhoon Kalmaegis,,,,,,
Typhoon Kalmaegi,,,,,,
Khulm,,,,,,
PESHAWAR,,,,,,
Cincinnati,,,,,,
Kholm,,,,,,
the Grand Sud,,,,,,
