,phrase,label,sentiment,subjectivity,language,count,gnd,geonames,geotype,latitude,longitude,continent,country,ipcc
Japan,Japan,GPE,0.08916506,0.50540256,en,247.40000000,4028495-5,1861060,X,35.68536000,139.75308900,ASIA,Japan,EAS
Afghanistan,Afghanistan,GPE,0.03881243,0.40902703,en,135.00000000,4000687-6,1149361,X,33.00000000,66.00000000,ASIA,Afghanistan,WCA
Alaska,Alaska,GPE,0.03174826,0.32304632,en,58.00000000,4001016-8,5879092,X,64.80000000,-150.80000000,NORTH-AMERICA,United States,NWN
Bangladesh,Bangladesh,GPE,-0.00740683,0.29914011,en,47.60000000,4130903-0,1210997,X,24.00000000,90.00000000,ASIA,Bangladesh,SAS
Philippines,Philippines,GPE,-0.06743435,1.20026593,en,38.90000000,4045771-0,1694008,X,13.00000000,122.00000000,ASIA,,SEA
Dhaka,Dhaka,GPE,0.04968003,0.36648315,en,25.30000000,4230727-2,1185241,X,23.71039900,90.40743900,ASIA,Bangladesh,SAS
the United States Geological Survey,the United States Geological Survey,GPE,0.05204216,0.15362319,en,25.30000000,,-1,,,,,,
Aomori,Aomori,GPE,0.06890497,0.39144046,en,22.70000000,4309664-5,2130658,X,40.82444000,140.74000000,ASIA,Japan,EAS
Pakistan,Pakistan,GPE,-0.00823500,0.28023599,en,22.60000000,4075812-6,1168579,X,30.00000000,70.00000000,ASIA,Pakistan,WCA
Myanmar,Myanmar,GPE,-0.09544271,0.43539330,en,20.80000000,,-1,,,,,,
Anchorage,Anchorage,GPE,0.03880317,0.23484743,en,20.60000000,,-1,,,,,,
Taiwan,Taiwan,GPE,0.07763035,0.39888268,en,17.90000000,4017875-4,1668284,X,24.00000000,121.00000000,ASIA,Taiwan,EAS
California,California,GPE,0.15015092,0.75103293,en,17.70000000,,-1,,,,,,
Nepal,Nepal,GPE,0.16628788,0.34081439,en,17.60000000,4041612-4,1282988,X,28.00000000,84.00000000,ASIA,Nepal,TIB
TOKYO,TOKYO,GPE,0.11478480,0.48243604,en,17.40000000,,-1,,,,,,
Chile,Chile,GPE,0.01687117,0.18839468,en,16.30000000,4009929-5,3895114,X,-30.00000000,-71.00000000,SOUTH-AMERICA,Chile,SWS
Indonesia,Indonesia,GPE,0.15091954,0.51574713,en,14.50000000,4026761-1,1643084,X,-5.00000000,120.00000000,ASIA,Indonesia,SEA
Mazar-e Sharif,Mazar-e Sharif,GPE,0.06046562,0.50471401,en,14.50000000,,-1,,,,,,
Canada,Canada,GPE,0.07907543,0.39993917,en,13.70000000,4029456-0,6251999,X,60.10866900,-113.64257900,NORTH-AMERICA,Canada,NWN
India,India,GPE,0.00653718,0.39342105,en,13.30000000,,-1,,,,,,
Turkey,Turkey,GPE,0.10329132,0.47051821,en,11.90000000,4061163-2,298795,X,39.05901000,34.91154900,EUROPE-AFRICA,Turkey,MED
Mexico,Mexico,GPE,0.06717639,0.21882015,en,10.80000000,,-1,,,,,,
Pacific,Pacific,LOC,0.22722923,1.10236928,en,10.20000000,,-1,,,,,,
Türkiye,Türkiye,GPE,-0.06933812,0.29884370,en,9.50000000,4061163-2,298795,X,39.05901000,34.91154900,EUROPE-AFRICA,Turkey,MED
Kolkata,Kolkata,GPE,0.04065934,0.29853480,en,9.10000000,4029344-0,1275004,X,22.56262900,88.36303900,ASIA,India,SAS
Sumatra,Sumatra,GPE,0.08699634,0.26190476,en,9.10000000,,-1,,,,,,
Tokyo,Tokyo,GPE,0.14091390,0.60632328,en,8.60000000,4078337-6,1850147,X,35.68950000,139.69171000,ASIA,Japan,EAS
the United States,the United States,GPE,0.43890542,0.70436508,en,8.40000000,,-1,,,,,,
Cebu,Cebu,LOC,0.36051201,1.26477359,en,8.40000000,,-1,,,,,,
Nevada,Nevada,GPE,0.03912602,0.29674797,en,8.20000000,4041996-4,5509151,X,39.25021000,-116.75118900,NORTH-AMERICA,United States,WNA
Aomori Prefecture,Aomori Prefecture,LOC,0.16575342,0.54200913,en,7.30000000,,-1,,,,,,
Earth,Earth,LOC,0.08238636,0.61181257,en,7.20000000,,-1,,,,,,
U.S.,U.S.,GPE,0.01502525,0.41709806,en,7.20000000,,-1,,,,,,
Tibet,Tibet,GPE,0.01710199,0.07462687,en,6.70000000,,-1,,,,,,
Hawaii,Hawaii,GPE,-0.00256410,0.26752137,en,6.50000000,4023877-5,5855797,X,20.75028000,-156.50028000,PACIFIC,,NPO
Hokkaido,Hokkaido,GPE,0.03314394,0.06510417,en,6.40000000,,-1,,,,,,
San Francisco,San Francisco,GPE,0.31283069,0.56349206,en,6.30000000,,-1,,,,,,
DHAKA,DHAKA,GPE,-0.03990930,0.37823129,en,6.30000000,,-1,,,,,,
KABUL,KABUL,GPE,0.11000000,0.59444444,en,6.00000000,,-1,,,,,,
the Bay Area,the Bay Area,LOC,0.04209957,0.45429293,en,5.50000000,,-1,,,,,,
Kosovo,Kosovo,GPE,0.03636364,0.28636364,en,5.50000000,4032571-4,831053,X,42.58333300,20.91666600,EUROPE-AFRICA,Kosovo,MED
Mexico City,Mexico City,GPE,0.04848485,0.30303030,en,5.50000000,4039060-3,3530597,X,19.42833300,-99.12750000,CENTRAL-AMERICA,Mexico,NCA
San Ramon,San Ramon,GPE,0.02799587,0.39634986,en,5.50000000,,-1,,,,,,
Pacific coast,Pacific coast,LOC,-0.01080247,0.56851852,en,5.40000000,,-1,,,,,,
Antarctica,Antarctica,LOC,0.03773585,0.20754717,en,5.30000000,,-1,,,,,,
Lancashire,Lancashire,GPE,0.02358491,0.02358491,en,5.30000000,,-1,,,,,,
the Pacific Ocean,the Pacific Ocean,LOC,-0.06837607,0.30940171,en,5.20000000,,-1,,,,,,
Istanbul,Istanbul,GPE,0.00419372,0.20006184,en,4.90000000,4027821-9,745044,X,41.01361100,28.94944400,EUROPE-AFRICA,Turkey,MED
Penang,Penang,GPE,0.07608696,0.14130435,en,4.60000000,,-1,,,,,,
UK,UK,GPE,0.32509881,0.57641634,en,4.60000000,,-1,,,,,,
Oregon,Oregon,GPE,0.15951087,0.39021739,en,4.60000000,4043760-7,5744337,X,44.29999900,-120.50139000,NORTH-AMERICA,United States,WNA
Southcentral,Southcentral,GPE,0.14660326,0.44320652,en,4.60000000,,-1,,,,,,
Colombia,Colombia,GPE,0.06521739,0.23913043,en,4.60000000,4031812-6,3686110,X,4.00000000,-72.00000000,SOUTH-AMERICA,Colombia,NWS
Honshu,Honshu,GPE,0.12500000,0.35326087,en,4.60000000,,-1,,,,,,
Kilauea,Kilauea,GPE,-0.06060606,0.16792929,en,4.40000000,,-1,,,,,,
Israel,Israel,GPE,0.40650407,0.45121951,en,4.10000000,4027808-6,294640,X,31.50000000,34.75000000,EUROPE-AFRICA,Israel,MED
Afghan,Afghan,GPE,-0.00381944,0.43784722,en,4.00000000,,-1,,,,,,
US,US,GPE,-0.00427350,0.33333333,en,3.90000000,,-1,,,,,,
Argentina,Argentina,GPE,0.00000000,0.06578947,en,3.80000000,,-1,,,,,,
Gilroy,Gilroy,GPE,0.04568855,0.41591592,en,3.70000000,,-1,,,,,,
South America's,South America's,LOC,0.00000000,0.00000000,en,3.70000000,,-1,,,,,,
America,America,GPE,0.05949017,0.51372850,en,3.70000000,,-1,,,,,,
Vallejo,Vallejo,GPE,0.05630631,0.36261261,en,3.70000000,,-1,,,,,,
Mount Etna,Mount Etna,LOC,0.05077805,0.31152744,en,3.70000000,,-1,,,,,,
Europe,Europe,LOC,0.05405405,0.34459459,en,3.70000000,,-1,,,,,,
Cape Horn,Cape Horn,LOC,0.00000000,0.00000000,en,3.70000000,,-1,,,,,,
Kumamoto,Kumamoto,GPE,0.24324324,0.83783784,en,3.70000000,4382233-2,1858421,X,32.78972000,130.74166900,ASIA,Japan,EAS
Mazar,Mazar,GPE,0.16666667,0.51666667,en,3.00000000,,-1,,,,,,
North Sulawesi,North Sulawesi,GPE,0.22222222,0.45833333,en,3.00000000,,-1,,,,,,
Balikesir province,Balikesir province,GPE,-0.01111111,0.11777778,en,3.00000000,,-1,,,,,,
Delhi,Delhi,GPE,0.12878788,0.30151515,en,3.00000000,4011371-1,1273294,X,28.65381000,77.22897000,ASIA,India,SAS
China,China,GPE,0.00905172,0.63390805,en,2.90000000,4009937-4,1814991,X,35.00000000,105.00000000,ASIA,China,EAS
Sındırgı,Sındırgı,LOC,-0.02183908,0.20000000,en,2.90000000,,-1,,,,,,
Mazar-e-Sharif,Mazar-e-Sharif,GPE,0.00000000,0.08620690,en,2.90000000,,-1,,,,,,
myanmar,myanmar,GPE,0.06034483,0.37547893,en,2.90000000,,-1,,,,,,
Santa Rosa,Santa Rosa,GPE,-0.08928571,0.30357143,en,2.80000000,,-1,,,,,,
Adelaide,Adelaide,GPE,0.02835884,0.54272959,en,2.80000000,4079623-1,2078025,X,-34.92866000,138.59863000,OCEANIA,Australia,SAU
San Luis Obispo County,San Luis Obispo County,GPE,0.00068027,0.42823129,en,2.80000000,,-1,,,,,,
megaquake,megaquake,LOC,0.06583694,0.12554113,en,2.80000000,,-1,,,,,,
ISTANBUL,ISTANBUL,GPE,0.04503743,0.37987013,en,2.80000000,,-1,,,,,,
eastern Ontario,eastern Ontario,LOC,-0.08333333,0.70238095,en,2.80000000,,-1,,,,,,
Willow,Willow,GPE,0.00000000,0.00000000,en,2.80000000,,-1,,,,,,
Northeast India,Northeast India,LOC,-0.00595238,0.30357143,en,2.80000000,,-1,,,,,,
Lake Issyk-Kul,Lake Issyk-Kul,GPE,0.00892857,0.28571429,en,2.80000000,,-1,,,,,,
Kyrgyzstan,Kyrgyzstan,GPE,0.00892857,0.28571429,en,2.80000000,4030848-0,1527747,X,41.00000000,75.00000000,ASIA,Kyrgyzstan,WCA
Narsingdi,Narsingdi,GPE,-0.00085034,0.46836735,en,2.80000000,,-1,,,,,,
Ireland,Ireland,GPE,0.00000000,0.00000000,en,2.80000000,4027667-3,2963597,X,53.00000000,-8.00000000,EUROPE,Ireland,NEU
Iwate,Iwate,LOC,0.26785714,0.62500000,en,2.80000000,,-1,,,,,,
the San Andreas Fault,the San Andreas Fault,LOC,0.05633503,0.32823129,en,2.80000000,,-1,,,,,,
Tamon,Tamon,GPE,0.03571429,0.14285714,en,2.80000000,,-1,,,,,,
Northern Japan,Northern Japan,LOC,0.26785714,0.62500000,en,2.80000000,,-1,,,,,,
Peru,Peru,GPE,0.00000000,0.00000000,en,2.80000000,4045312-1,3932488,X,-10.00000000,-76.00000000,SOUTH-AMERICA,Peru,NWS
Quebec,Quebec,GPE,-0.08333333,0.70238095,en,2.80000000,,-1,,,,,,
Los Angeles,Los Angeles,GPE,0.15852758,0.65093240,en,2.60000000,,-1,,,,,,
Ore.,Ore.,GPE,0.03846154,0.39102564,en,2.60000000,,-1,,,,,,
the Pacific Northwest,the Pacific Northwest,LOC,-0.02959596,1.44116162,en,2.50000000,,-1,,,,,,
Russia,Russia,GPE,0.02000000,0.49000000,en,2.50000000,,-1,,,,,,
England,England,GPE,0.00000000,0.00000000,en,2.40000000,4014770-8,6269131,X,52.16044900,-0.70312000,EUROPE,United Kingdom,NEU
Tennessee,Tennessee,GPE,-0.20454545,2.09772727,en,2.20000000,4119557-7,4662168,X,35.75034900,-86.25027000,NORTH-AMERICA,United States,ENA
Iran,Iran,GPE,-0.22727273,0.34090909,en,2.20000000,4027653-3,130758,X,32.00000000,53.00000000,ASIA,Iran,WCA
Guam,Guam,GPE,0.09523810,0.14285714,en,2.10000000,,-1,,,,,,
earth,earth,LOC,-0.16170635,0.75793651,en,2.10000000,,-1,,,,,,
MANILA,MANILA,GPE,-0.22509921,1.60369048,en,2.00000000,,-1,,,,,,
Asia,Asia,LOC,-0.26500000,0.52500000,en,2.00000000,,-1,,,,,,
Kunar province,Kunar province,GPE,-0.07727273,0.40416667,en,2.00000000,,-1,,,,,,
Santa Barbara Island,Santa Barbara Island,GPE,0.33333333,0.53333333,en,2.00000000,,-1,,,,,,
Karnataka,Karnataka,GPE,0.45000000,0.60000000,en,2.00000000,4110022-0,1267701,X,13.50000000,76.00000000,ASIA,India,SAS
Yangon,Yangon,GPE,-0.07750000,0.49944444,en,2.00000000,4133122-9,1298824,X,16.80527900,96.15610900,ASIA,Myanmar,SEA
Balkh province,Balkh province,GPE,0.13333333,0.48333333,en,2.00000000,,-1,,,,,,
western Türkiye,western Türkiye,LOC,0.00000000,0.00000000,en,2.00000000,,-1,,,,,,
Balikesir,Balikesir,GPE,-0.15000000,0.30000000,en,2.00000000,,-1,,,,,,
Mindanao,Mindanao,LOC,0.05000000,0.16666667,en,2.00000000,,-1,,,,,,
Vijayapura,Vijayapura,GPE,0.39166667,0.57500000,en,2.00000000,,-1,,,,,,
Jakarta,Jakarta,GPE,0.19000000,0.62666667,en,2.00000000,4012546-4,1642911,X,-6.21462000,106.84512900,ASIA,Indonesia,SEA
the Sndrg district,the Sndrg district,LOC,-0.07500000,0.15000000,en,2.00000000,,-1,,,,,,
Northern Afghanistan,Northern Afghanistan,LOC,0.00000000,0.35000000,en,2.00000000,,-1,,,,,,
the Northern Territory's,the Northern Territory's,LOC,0.26666667,0.40000000,en,2.00000000,,-1,,,,,,
Mandalay,Mandalay,GPE,0.02500000,0.33888889,en,2.00000000,4037295-9,1311874,X,21.97473000,96.08359000,ASIA,Myanmar,SAS
Rattles Bay Area,Rattles Bay Area,LOC,0.00000000,1.05263158,en,1.90000000,,-1,,,,,,
Atacama,Atacama,GPE,0.00000000,0.00000000,en,1.90000000,4003346-6,3899194,X,-28.51584000,-71.99999900,SOUTH-AMERICA,,SWS
North Carolina,North Carolina,GPE,-0.01315789,0.40789474,en,1.90000000,4042551-4,4482348,X,35.50068900,-80.20000000,NORTH-AMERICA,United States,ENA
Marion,Marion,GPE,-0.01315789,0.40789474,en,1.90000000,,-1,,,,,,
Hawai'i Island,Hawai'i Island,LOC,0.00000000,1.05263158,en,1.90000000,,-1,,,,,,
Paso Robles,Paso Robles,GPE,-0.02456140,0.33684211,en,1.90000000,,-1,,,,,,
northeastern coast,northeastern coast,LOC,-0.30701754,0.87719298,en,1.90000000,,-1,,,,,,
Groningen,Groningen,GPE,0.00986842,0.91447368,en,1.90000000,4094052-4,2755251,X,53.21916900,6.56667000,EUROPE,The Netherlands,NEU
Kathmandu,Kathmandu,GPE,-0.05263158,0.05263158,en,1.90000000,4030036-5,1283240,X,27.70168900,85.32059900,ASIA,Nepal,TIB
France,France,GPE,0.15350877,0.66776316,en,1.90000000,,-1,,,,,,
Utah,Utah,GPE,0.00986842,0.91447368,en,1.90000000,4062214-9,5549030,X,39.25023900,-111.75103000,NORTH-AMERICA,United States,WNA
Central Coast,Central Coast,LOC,-0.02456140,0.33684211,en,1.90000000,,-1,,,,,,
Templeton,Templeton,GPE,-0.04912281,0.41052632,en,1.90000000,,-1,,,,,,
Calif.,Calif.,GPE,0.03634085,0.38888889,en,1.90000000,,-1,,,,,,
the Marmara Sea,the Marmara Sea,LOC,-0.01345694,0.43540670,en,1.90000000,,-1,,,,,,
Zone VI,Zone VI,LOC,0.03488836,0.60606061,en,1.90000000,,-1,,,,,,
Singapore,Singapore,GPE,0.00751880,0.47619048,en,1.90000000,4055089-8,1880251,X,1.36667000,103.79999900,ASIA,Singapore,SEA
An Enormous Lake,An Enormous Lake,LOC,0.07017544,0.57017544,en,1.90000000,,-1,,,,,,
LOS ANGELES/OTTAWA,LOS ANGELES/OTTAWA,GPE,0.18421053,0.28947368,en,1.90000000,,-1,,,,,,
Balıkesir,Balıkesir,GPE,0.04561404,0.14736842,en,1.90000000,,-1,,,,,,
the Bay of Bengal,the Bay of Bengal,LOC,0.00000000,0.00000000,en,1.90000000,,-1,,,,,,
Aso City,Aso City,GPE,0.31578947,1.05263158,en,1.90000000,,-1,,,,,,
southcentral,southcentral,GPE,0.00000000,0.00000000,en,1.90000000,,-1,,,,,,
Wellington,Wellington,GPE,0.00000000,0.00000000,en,1.90000000,4119042-7,2179537,X,-41.28638800,174.77555500,OCEANIA,New Zealand,NZ
Myrtle Beach,Myrtle Beach,GPE,0.10526316,0.84210526,en,1.90000000,,-1,,,,,,
Big Island,Big Island,LOC,0.00000000,0.07894737,en,1.90000000,,-1,,,,,,
Alps,Alps,GPE,0.00000000,0.21052632,en,1.90000000,,-1,,,,,,
Northern Sumatra,Northern Sumatra,GPE,0.43421053,0.72368421,en,1.90000000,,-1,,,,,,
Gulf of California,Gulf of California,LOC,0.10526316,0.31578947,en,1.90000000,,-1,,,,,,
Cyprus,Cyprus,GPE,0.00000000,0.00000000,en,1.90000000,,-1,,,,,,
Sendai City,Sendai City,GPE,0.10526316,0.42105263,en,1.90000000,,-1,,,,,,
Vallenar,Vallenar,GPE,0.00000000,0.00000000,en,1.90000000,,-1,,,,,,
JUNEAU,JUNEAU,GPE,0.10526316,0.56140351,en,1.90000000,,-1,,,,,,
The United States Geological Survey,The United States Geological Survey,GPE,0.00000000,0.52631579,en,1.90000000,,-1,,,,,,
Pacocha,Pacocha,GPE,0.00000000,0.00000000,en,1.90000000,,-1,,,,,,
the Noto Peninsula,the Noto Peninsula,LOC,0.14035088,0.64912281,en,1.90000000,,-1,,,,,,
Khuzdar,Khuzdar,GPE,0.19736842,0.46052632,en,1.90000000,,-1,,,,,,
Chile Argentina,Chile Argentina,GPE,0.10526316,0.42105263,en,1.90000000,,-1,,,,,,
Balochistan,Balochistan,GPE,0.19736842,0.46052632,en,1.90000000,,-1,,,,,,
Silverdale,Silverdale,GPE,0.00000000,0.00000000,en,1.90000000,,-1,,,,,,
Perak,Perak,GPE,0.00000000,0.15789474,en,1.90000000,4304095-0,1733041,X,5.00000000,101.00000000,ASIA,Malaysia,SEA
Aceh Besar,Aceh Besar,GPE,0.40421053,0.76421053,en,1.90000000,,-1,,,,,,
"Mandalay, Burma","Mandalay, Burma",GPE,-0.26315789,0.42105263,en,1.90000000,,-1,,,,,,
Aceh Province,Aceh Province,GPE,0.40421053,0.76421053,en,1.90000000,,-1,,,,,,
Perthshire,Perthshire,GPE,0.29385965,0.48684211,en,1.90000000,,-1,,,,,,
Fukushima,Fukushima,GPE,-0.08187135,0.15204678,en,1.90000000,,-1,,,,,,
Major Fault Zones,Major Fault Zones,LOC,0.23793860,0.42982456,en,1.90000000,,-1,,,,,,
the east coast,the east coast,LOC,-0.04824561,0.15350877,en,1.90000000,,-1,,,,,,
Darrang,Darrang,GPE,0.00000000,0.00000000,en,1.90000000,,-1,,,,,,
Hualien city,Hualien city,GPE,0.18421053,0.28947368,en,1.90000000,,-1,,,,,,
Vancouver Island,Vancouver Island,GPE,-0.03508772,0.24561404,en,1.90000000,,-1,,,,,,
San Andreas,San Andreas,LOC,0.40131579,0.93421053,en,1.90000000,,-1,,,,,,
Vanuatu,Vanuatu,GPE,-0.23026316,0.42105263,en,1.90000000,4062334-8,2134431,X,-16.00000000,167.00000000,PACIFIC,,SPO
B.C.,B.C.,GPE,-0.13157895,0.13157895,en,1.90000000,,-1,,,,,,
TAIPEI,TAIPEI,GPE,0.18421053,0.28947368,en,1.90000000,,-1,,,,,,
North America,North America,LOC,-0.01096491,0.15789474,en,1.90000000,,-1,,,,,,
the West Coast,the West Coast,LOC,0.05482456,0.52631579,en,1.90000000,,-1,,,,,,
Malaysia,Malaysia,GPE,0.22807018,0.38596491,en,1.90000000,4037203-0,1733045,X,2.50000000,112.50000000,ASIA,Malaysia,SEA
Douglas counties,Douglas counties,GPE,0.00000000,0.35087719,en,1.90000000,,-1,,,,,,
Skwentna,Skwentna,GPE,0.00000000,0.00000000,en,1.90000000,,-1,,,,,,
El Paso,El Paso,GPE,0.00000000,0.35087719,en,1.90000000,,-1,,,,,,
North Korea,North Korea,GPE,0.05263158,0.21052632,en,1.90000000,,-1,,,,,,
Colorado,Colorado,GPE,0.00000000,0.35087719,en,1.90000000,,-1,,,,,,
Scotland,Scotland,GPE,0.28070175,0.63157895,en,1.90000000,4053233-1,2638360,X,56.00000000,-4.00000000,EUROPE,United Kingdom,NEU
Merizo Village,Merizo Village,GPE,0.00000000,0.00000000,en,1.90000000,,-1,,,,,,
Elbert,Elbert,GPE,0.00000000,0.35087719,en,1.90000000,,-1,,,,,,
Misawa,Misawa,GPE,-0.31578947,0.47368421,en,1.90000000,,-1,,,,,,
The United States,The United States,GPE,0.24342105,0.47368421,en,1.90000000,,-1,,,,,,
Rome,Rome,GPE,-0.30370370,0.54135802,en,1.80000000,,-1,,,,,,
Jamaica,Jamaica,GPE,-0.64043210,1.69907407,en,1.80000000,4028456-6,3489940,X,18.25000000,-77.50000000,CENTRAL-AMERICA,Jamaica,CAR
Southwest,Southwest,LOC,0.06313131,0.48821549,en,1.80000000,,-1,,,,,,
NEW MEXICO,NEW MEXICO,GPE,0.06313131,0.48821549,en,1.80000000,,-1,,,,,,
Vietnam,Vietnam,GPE,0.16928105,1.10522876,en,1.70000000,4063514-4,1562822,X,16.16666900,107.83333000,ASIA,Vietnam,SEA
South America,South America,LOC,0.11764706,0.64705882,en,1.70000000,,-1,,,,,,
Southern Mexico,Southern Mexico,LOC,0.05421866,0.12789661,en,1.70000000,,-1,,,,,,
Portland,Portland,GPE,0.00000000,0.54901961,en,1.70000000,,-1,,,,,,
Gaza,Gaza,GPE,0.08680556,0.43402778,en,1.60000000,,-1,,,,,,
Italy,Italy,GPE,-0.27500000,1.68125000,en,1.60000000,,-1,,,,,,
Tehran,Tehran,GPE,0.00000000,0.15625000,en,1.60000000,4059304-6,112931,X,35.69438900,51.42150900,ASIA,Iran,WCA
South Sudan,South Sudan,GPE,-0.46458333,1.18541667,en,1.60000000,,-1,,,,,,
Sri Lanka,Sri Lanka,GPE,-0.21477273,0.72159091,en,1.60000000,4009696-8,1227603,X,7.00000000,81.00000000,INDIAN,Sri Lanka,BOB
Santorini,Santorini,GPE,0.18750000,0.90625000,en,1.60000000,,-1,,,,,,
Ethiopia,Ethiopia,GPE,0.05982906,0.51709402,en,1.30000000,4000639-6,337996,X,8.00000000,38.00000000,AFRICA,Ethiopia,NEAF
North America's,North America's,LOC,0.17948718,0.64743590,en,1.30000000,,-1,,,,,,
the United Kingdom,the United Kingdom,GPE,0.00000000,0.00000000,en,1.30000000,,-1,,,,,,
Brazil,Brazil,GPE,0.14236111,1.38750000,en,1.20000000,4008003-1,3469034,X,-10.00000000,-55.00000000,SOUTH-AMERICA,Brazil,SAM
Caribbean,Caribbean,LOC,0.04629630,1.43055556,en,1.20000000,,-1,,,,,,
Tenn.,Tenn.,GPE,-0.12500000,1.37500000,en,1.20000000,,-1,,,,,,
Eastern Europe,Eastern Europe,LOC,0.04545455,0.59090909,en,1.10000000,,-1,,,,,,
San Diego,San Diego,GPE,1.00000000,1.39393939,en,1.10000000,,-1,,,,,,
Humphreys County,Humphreys County,GPE,0.00000000,0.67272727,en,1.10000000,,-1,,,,,,
Colosseum,Colosseum,GPE,-0.07272727,0.25454545,en,1.10000000,,-1,,,,,,
Rey,Rey,GPE,0.00000000,0.00000000,en,1.10000000,,-1,,,,,,
San Andreas Fault,San Andreas Fault,LOC,0.17613636,1.40340909,en,1.10000000,,-1,,,,,,
ROME,ROME,GPE,-0.18181818,0.86363636,en,1.10000000,,-1,,,,,,
the Mariana Trench,the Mariana Trench,LOC,0.00000000,0.36363636,en,1.10000000,,-1,,,,,,
the Marina Islands,the Marina Islands,LOC,0.18181818,0.27272727,en,1.10000000,,-1,,,,,,
Texas,Texas,GPE,0.00000000,0.00000000,en,1.10000000,4059594-8,4736286,X,31.25044000,-99.25060900,NORTH-AMERICA,United States,CNA
Fukushima Prefecture,Fukushima Prefecture,LOC,0.34573003,0.87465565,en,1.10000000,,-1,,,,,,
Hamadori,Hamadori,GPE,0.34573003,0.87465565,en,1.10000000,,-1,,,,,,
Xinjiang,Xinjiang,GPE,0.33057851,0.83746556,en,1.10000000,4077460-0,1529047,X,42.56916900,85.45610900,ASIA,China,ECA
the Tianshan Mountains,the Tianshan Mountains,LOC,0.33057851,0.83746556,en,1.10000000,,-1,,,,,,
Aegean Sea,Aegean Sea,LOC,0.26262626,0.66035354,en,1.10000000,,-1,,,,,,
Morocco,Morocco,GPE,0.00000000,0.00000000,en,1.10000000,4037680-1,2542007,X,32.00000000,-5.00000000,EUROPE-AFRICA,Morocco,MED
Tughrul,Tughrul,GPE,0.00000000,0.00000000,en,1.10000000,,-1,,,,,,
Amyntaio,Amyntaio,GPE,-0.02272727,0.80303030,en,1.10000000,,-1,,,,,,
Florina,Florina,GPE,-0.02272727,0.80303030,en,1.10000000,4385909-4,736229,X,40.78197000,21.40981000,EUROPE-AFRICA,Greece,MED
Woodland Hills,Woodland Hills,GPE,0.24793388,0.82644628,en,1.10000000,,-1,,,,,,
Japans Niigata,Japans Niigata,GPE,-0.15555556,0.28888889,en,1.00000000,,-1,,,,,,
San José,San José,GPE,0.16666667,0.80000000,en,1.00000000,,-1,,,,,,
the South Bay,the South Bay,LOC,0.16666667,0.80000000,en,1.00000000,,-1,,,,,,
Niigata,Niigata,GPE,-0.15555556,0.28888889,en,1.00000000,4208484-2,1855431,X,37.90221900,139.02360900,ASIA,Japan,EAS
New Jersey,New Jersey,GPE,0.06818182,0.28977273,en,1.00000000,4042004-8,5101760,X,40.16705900,-74.49987000,NORTH-AMERICA,United States,ENA
Ashulia,Ashulia,GPE,-0.05000000,0.36250000,en,1.00000000,,-1,,,,,,
Haiti,Haiti,GPE,0.00000000,0.00000000,en,1.00000000,4022974-9,3723988,X,19.00000000,-72.41666900,CENTRAL-AMERICA,Haiti,CAR
Taipei,Taipei,GPE,0.10000000,1.00000000,en,1.00000000,4078134-3,1668341,X,25.04776000,121.53185000,ASIA,Taiwan,EAS
Tecoanapa,Tecoanapa,GPE,0.06666667,0.23333333,en,1.00000000,,-1,,,,,,
the United States Geological,the United States Geological,GPE,0.00000000,0.00000000,en,1.00000000,,-1,,,,,,
Eastern India,Eastern India,LOC,0.21666667,0.51666667,en,1.00000000,,-1,,,,,,
Calama,Calama,GPE,0.10000000,0.40000000,en,1.00000000,,-1,,,,,,
Qld,Qld,GPE,0.50000000,0.50000000,en,1.00000000,,-1,,,,,,
W Bengal,W Bengal,LOC,0.00000000,0.00000000,en,1.00000000,,-1,,,,,,
New South Wales,New South Wales,GPE,0.00151515,0.52727273,en,1.00000000,,-1,,,,,,
Outback city,Outback city,GPE,0.00000000,0.00000000,en,1.00000000,,-1,,,,,,
Sa,Sa,GPE,0.10000000,0.45000000,en,1.00000000,,-1,,,,,,
Yilan,Yilan,GPE,-0.30000000,0.60000000,en,1.00000000,,-1,,,,,,
Seychelles,Seychelles,GPE,0.12500000,0.53750000,en,1.00000000,4054694-9,241170,X,-4.58333000,55.66667000,INDIAN,,EIO
Kinross,Kinross,GPE,0.10000000,0.40000000,en,1.00000000,4391199-7,2645365,X,56.20465900,-3.42138000,EUROPE,United Kingdom,NEU
Perth,Perth,GPE,0.10000000,0.40000000,en,1.00000000,,-1,,,,,,
Kaski district,Kaski district,LOC,0.00000000,0.00000000,en,1.00000000,,-1,,,,,,
Yorkshire,Yorkshire,GPE,0.12500000,0.12500000,en,1.00000000,,-1,,,,,,
Ethiopi,Ethiopi,GPE,0.00000000,0.00000000,en,1.00000000,,-1,,,,,,
Kenya,Kenya,GPE,-0.05000000,0.32500000,en,1.00000000,4030236-2,192950,X,1.00000000,38.00000000,AFRICA,Kenya,SEAF
Lake Turkana Rift,Lake Turkana Rift,LOC,-0.05000000,0.32500000,en,1.00000000,,-1,,,,,,
Wales,Wales,GPE,0.12500000,0.12500000,en,1.00000000,,-1,,,,,,
Highlands,Highlands,LOC,0.12500000,0.12500000,en,1.00000000,,-1,,,,,,
Taitung,Taitung,GPE,0.10000000,1.00000000,en,1.00000000,4406404-4,1668295,X,22.75991000,121.14457000,ASIA,Taiwan,EAS
Antioch,Antioch,GPE,0.16666667,0.80000000,en,1.00000000,,-1,,,,,,
Las Vegas,Las Vegas,GPE,-0.01666667,0.16666667,en,1.00000000,,-1,,,,,,
Indian Ocean,Indian Ocean,LOC,-1.00000000,1.00000000,en,1.00000000,,-1,,,,,,
San Ramon’s,San Ramon’s,GPE,0.20000000,0.80000000,en,1.00000000,,-1,,,,,,
Lancash,Lancash,GPE,0.00000000,0.30000000,en,1.00000000,,-1,,,,,,
north,north,LOC,0.18434343,0.35151515,en,1.00000000,,-1,,,,,,
exper,exper,GPE,0.00000000,0.00000000,en,1.00000000,,-1,,,,,,
The City of Churches,The City of Churches,GPE,0.50000000,0.50000000,en,1.00000000,,-1,,,,,,
Yakutat,Yakutat,GPE,0.00000000,0.00000000,en,1.00000000,,-1,,,,,,
Yukon,Yukon,LOC,0.30000000,1.00000000,en,1.00000000,,-1,,,,,,
Australia,Australia,GPE,0.24666667,0.63333333,en,1.00000000,,-1,,,,,,
the Yukon Territory,the Yukon Territory,LOC,0.00000000,0.00000000,en,1.00000000,,-1,,,,,,
Japans,Japans,GPE,0.00000000,0.00000000,en,1.00000000,,-1,,,,,,
Lancaster,Lancaster,GPE,0.03333333,0.40000000,en,1.00000000,,-1,,,,,,
northeast,northeast,LOC,0.00000000,0.00000000,en,1.00000000,,-1,,,,,,
South,South,LOC,0.00000000,0.00000000,en,1.00000000,,-1,,,,,,
Wakayama Prefecture,Wakayama Prefecture,GPE,0.09047619,0.34047619,en,1.00000000,,-1,,,,,,
Northeastern Japan,Northeastern Japan,LOC,0.00000000,0.00000000,en,1.00000000,,-1,,,,,,
Kushimoto,Kushimoto,GPE,0.09047619,0.34047619,en,1.00000000,,-1,,,,,,
North,North,GPE,0.30000000,1.00000000,en,1.00000000,,-1,,,,,,
Shinkansen,Shinkansen,GPE,0.00000000,0.00000000,en,1.00000000,,-1,,,,,,
Fukushima Daiichi,Fukushima Daiichi,GPE,-0.20000000,0.66666667,en,1.00000000,,-1,,,,,,
Pacific Coast,Pacific Coast,LOC,0.21212121,0.41666667,en,1.00000000,,-1,,,,,,
Sapporo,Sapporo,GPE,0.21212121,0.41666667,en,1.00000000,4051677-5,2128295,X,43.06416900,141.34693900,ASIA,Japan,EAS
northern coast,northern coast,LOC,0.30000000,1.00000000,en,1.00000000,,-1,,,,,,
Iwate Prefecture,Iwate Prefecture,LOC,0.00000000,0.00000000,en,1.00000000,,-1,,,,,,
Bay Area,Bay Area,LOC,-0.07500000,0.40000000,en,1.00000000,,-1,,,,,,
Ren,Ren,GPE,0.00000000,0.00000000,en,1.00000000,,-1,,,,,,
Ocean,Ocean,LOC,0.09523810,0.60317460,en,1.00000000,,-1,,,,,,
Mountain Regions,Mountain Regions,LOC,0.00000000,0.00000000,en,1.00000000,,-1,,,,,,
Willow Alaska,Willow Alaska,GPE,0.00000000,0.00000000,en,1.00000000,,-1,,,,,,
Shakes Anchorage,Shakes Anchorage,LOC,0.00000000,0.10000000,en,1.00000000,,-1,,,,,,
"the United States
","the United States
",GPE,0.22083333,0.36666667,en,1.00000000,,-1,,,,,,
The Anchorage Area,The Anchorage Area,LOC,0.00000000,0.00000000,en,1.00000000,,-1,,,,,,
Pacific Island,Pacific Island,LOC,0.10000000,0.60000000,en,1.00000000,,-1,,,,,,
the East Bay,the East Bay,LOC,0.05000000,0.20000000,en,1.00000000,,-1,,,,,,
The East Bay,The East Bay,LOC,0.80000000,0.90000000,en,1.00000000,,-1,,,,,,
East Bay,East Bay,LOC,0.00000000,0.00000000,en,1.00000000,,-1,,,,,,
Northern Lights,Northern Lights,LOC,0.13636364,0.50000000,en,1.00000000,,-1,,,,,,
Sumatra island,Sumatra island,LOC,0.00000000,0.00000000,en,1.00000000,,-1,,,,,,
Bay of Bengal,Bay of Bengal,LOC,0.00000000,0.00000000,en,1.00000000,,-1,,,,,,
Lombardia,Lombardia,GPE,0.00000000,0.00000000,en,1.00000000,4036294-2,3174618,X,45.66667000,9.50000000,EUROPE,Italy,WCE
Morecambe Bay,Morecambe Bay,LOC,0.00000000,0.00000000,en,1.00000000,,-1,,,,,,
Oakland,Oakland,GPE,0.09356061,0.56325758,en,1.00000000,,-1,,,,,,
Sonoma County,Sonoma County,GPE,0.09356061,0.56325758,en,1.00000000,,-1,,,,,,
Philippines--(ANTARA,Philippines--(ANTARA,GPE,0.75000000,0.95000000,en,1.00000000,,-1,,,,,,
Canadas Yukon,Canadas Yukon,LOC,0.50000000,0.50000000,en,1.00000000,,-1,,,,,,
the Tintina Fault,the Tintina Fault,LOC,0.00000000,0.00000000,en,1.00000000,,-1,,,,,,
North China,North China,LOC,0.00000000,0.00000000,en,1.00000000,,-1,,,,,,
the Nankai Trough,the Nankai Trough,LOC,0.33750000,0.93750000,en,1.00000000,,-1,,,,,,
Washington,Washington,GPE,-0.25000000,0.57500000,en,1.00000000,4118995-4,5815135,X,47.50012000,-120.50146900,NORTH-AMERICA,United States,WNA
Judah,Judah,GPE,0.00000000,0.00000000,en,1.00000000,,-1,,,,,,
New Zealand,New Zealand,GPE,0.13636364,0.45454545,en,1.00000000,,-1,,,,,,
Khulm,Khulm,GPE,0.00000000,0.00000000,en,1.00000000,,-1,,,,,,
Marmara,Marmara,GPE,0.00000000,0.00000000,en,1.00000000,,-1,,,,,,
West Bandung,West Bandung,GPE,0.00000000,2.00000000,en,1.00000000,,-1,,,,,,
the Pacific coast,the Pacific coast,LOC,0.00000000,0.00000000,en,1.00000000,,-1,,,,,,
Tropical Storm,Tropical Storm,LOC,0.00000000,0.00000000,en,1.00000000,,-1,,,,,,
Palestine,Palestine,GPE,0.00000000,0.00000000,en,1.00000000,,-1,,,,,,
Denver,Denver,GPE,0.00000000,0.00000000,en,1.00000000,,-1,,,,,,
Colorado South,Colorado South,GPE,0.00000000,0.00000000,en,1.00000000,,-1,,,,,,
Gothenburg,Gothenburg,GPE,0.21875000,0.41875000,en,1.00000000,4021453-9,2711537,X,57.70716000,11.96678900,EUROPE,Sweden,NEU
worl,worl,LOC,0.45000000,0.55000000,en,1.00000000,,-1,,,,,,
Massachusetts,Massachusetts,GPE,-0.15000000,0.30000000,en,1.00000000,4037858-5,6254926,X,42.36565000,-71.10832000,NORTH-AMERICA,United States,ENA
New York’s,New York’s,GPE,0.13636364,0.45454545,en,1.00000000,,-1,,,,,,
Kobe,Kobe,GPE,0.03125000,0.25000000,en,1.00000000,4195257-1,1859171,X,34.69138800,135.18305500,ASIA,Japan,EAS
Oita City,Oita City,GPE,0.03125000,0.95000000,en,1.00000000,,-1,,,,,,
Great California,Great California,GPE,0.40000000,0.87500000,en,1.00000000,,-1,,,,,,
San Diego County,San Diego County,GPE,0.30000000,0.63333333,en,1.00000000,,-1,,,,,,
A.C,A.C,GPE,0.01666667,0.08333333,en,1.00000000,,-1,,,,,,
Bandung,Bandung,GPE,0.00000000,1.00000000,en,1.00000000,4080255-3,1650357,X,-6.90388900,107.61861000,ASIA,Indonesia,SEA
Islamabad,Islamabad,GPE,-0.33333333,0.50000000,en,1.00000000,4245023-8,7331475,X,31.21747900,72.33948900,ASIA,Pakistan,WCA
Toghrul,Toghrul,GPE,0.00000000,0.00000000,en,1.00000000,,-1,,,,,,
Tehran province,Tehran province,GPE,0.00000000,0.00000000,en,1.00000000,,-1,,,,,,
Indias,Indias,GPE,0.15000000,0.53750000,en,1.00000000,,-1,,,,,,
Hunchun,Hunchun,GPE,0.00000000,0.00000000,en,1.00000000,,-1,,,,,,
heritageThe Hill,heritageThe Hill,LOC,0.00000000,0.00000000,en,1.00000000,,-1,,,,,,
East Wing,East Wing,LOC,0.17777778,0.41111111,en,1.00000000,,-1,,,,,,
strieks Guam,strieks Guam,LOC,0.00000000,0.00000000,en,1.00000000,,-1,,,,,,
Ont.,Ont.,GPE,0.00000000,0.00000000,en,1.00000000,,-1,,,,,,
Sudbury,Sudbury,GPE,0.00000000,0.00000000,en,1.00000000,,-1,,,,,,
earthquakeSelf,earthquakeSelf,GPE,0.00000000,0.00000000,en,1.00000000,,-1,,,,,,
Long Island,Long Island,GPE,-0.09272727,0.45090909,en,1.00000000,,-1,,,,,,
Seattle,Seattle,GPE,0.05000000,0.25000000,en,1.00000000,,-1,,,,,,
the Great East Japan Earthquake,the Great East Japan Earthquake,LOC,0.31212121,0.53484848,en,1.00000000,,-1,,,,,,
Afgha,Afgha,GPE,0.00000000,0.20000000,en,1.00000000,,-1,,,,,,
WASHINGTON,WASHINGTON,GPE,0.70000000,0.60000000,en,1.00000000,,-1,,,,,,
Sicily,Sicily,GPE,0.00000000,0.00000000,en,1.00000000,,-1,,,,,,
New York,New York,GPE,-0.09272727,0.45090909,en,1.00000000,,-1,,,,,,
West Java,West Java,GPE,0.00000000,2.00000000,en,1.00000000,,-1,,,,,,
the Lembang Fault,the Lembang Fault,LOC,0.00000000,2.00000000,en,1.00000000,,-1,,,,,,
the Atlantic Ocean,the Atlantic Ocean,LOC,0.25222222,2.34111111,en,1.00000000,,-1,,,,,,
the East African,the East African,LOC,0.00000000,0.05000000,en,1.00000000,,-1,,,,,,
Manay,Manay,GPE,0.10000000,0.33333333,en,1.00000000,,-1,,,,,,
Palau,Palau,GPE,0.30000000,1.43333333,en,1.00000000,4044396-6,1559582,X,7.50300000,134.62100000,PACIFIC,Palau,EPO
magnitude-7.4,magnitude-7.4,GPE,0.30000000,1.00000000,en,1.00000000,,-1,,,,,,
Davao,Davao,GPE,0.00000000,0.00000000,en,1.00000000,,-1,,,,,,
Cebu Province,Cebu Province,GPE,0.00000000,0.00000000,en,1.00000000,,-1,,,,,,
Greenland,Greenland,GPE,0.25000000,0.25000000,en,1.00000000,4022113-1,3425505,X,72.00000000,-40.00000000,POLAR,Greenland,GIC
Johor,Johor,GPE,-0.30000000,0.60000000,en,1.00000000,,-1,,,,,,
Sarawak,Sarawak,GPE,0.00000000,0.00000000,en,1.00000000,4051682-9,1733038,X,2.50000000,113.50000000,ASIA,Malaysia,SEA
Sabah,Sabah,GPE,0.00000000,0.00000000,en,1.00000000,4042495-9,1733039,X,5.50000000,117.00000000,ASIA,Malaysia,SEA
Borneo,Borneo,GPE,0.00000000,0.00000000,en,1.00000000,,-1,,,,,,
Peninsular Malaysia,Peninsular Malaysia,GPE,0.00000000,0.00000000,en,1.00000000,,-1,,,,,,
Terengganu,Terengganu,GPE,0.00000000,0.00000000,en,1.00000000,,-1,,,,,,
Pahang,Pahang,GPE,0.00000000,0.00000000,en,1.00000000,4301609-1,1733042,X,3.50000000,102.75000000,ASIA,Malaysia,SEA
Mazar Dara valley,Mazar Dara valley,LOC,0.00000000,0.00000000,en,1.00000000,,-1,,,,,,
Us,Us,GPE,-0.20000000,0.36666667,en,1.00000000,,-1,,,,,,
Karatung,Karatung,GPE,0.30000000,0.75000000,en,1.00000000,,-1,,,,,,
Manado,Manado,GPE,0.30000000,0.75000000,en,1.00000000,4524711-0,1636544,X,1.48700000,124.84550000,ASIA,Indonesia,SEA
Karatung Island,Karatung Island,GPE,0.30000000,0.75000000,en,1.00000000,,-1,,,,,,
"San Andreas Fault
","San Andreas Fault
",LOC,-0.06565657,0.40707071,en,1.00000000,,-1,,,,,,
Bacolod City,Bacolod City,GPE,0.14444444,0.49444444,en,1.00000000,,-1,,,,,,
Kanlaon Volcano,Kanlaon Volcano,GPE,0.28888889,0.98888889,en,1.00000000,,-1,,,,,,
Bacolod,Bacolod,GPE,0.00000000,0.00000000,en,1.00000000,,-1,,,,,,
Pythias Oasis,Pythias Oasis,GPE,0.00000000,1.00000000,en,1.00000000,,-1,,,,,,
Pythia's Oasis,Pythia's Oasis,LOC,0.00000000,0.00000000,en,1.00000000,,-1,,,,,,
MyShake,MyShake,LOC,0.10000000,0.30000000,en,1.00000000,,-1,,,,,,
Visayas,Visayas,LOC,0.30000000,0.76666667,en,1.00000000,,-1,,,,,,
Manila,Manila,GPE,-0.16666667,0.13333333,en,1.00000000,4037344-7,1701668,X,14.60420000,120.98220000,ASIA,Philippines,SEA
Dublin,Dublin,GPE,-0.50000000,0.50000000,en,1.00000000,4013170-1,2964574,X,53.33306000,-6.24889000,EUROPE,Ireland,NEU
temblo,temblo,GPE,0.13750000,0.36458333,en,1.00000000,,-1,,,,,,
The West Coast,The West Coast,LOC,-0.02083333,0.30000000,en,1.00000000,,-1,,,,,,
Medellin,Medellin,GPE,-0.15000000,0.30000000,en,1.00000000,4115061-2,3674962,X,6.25183900,-75.56359000,SOUTH-AMERICA,Colombia,NWS
Gibitngil,Gibitngil,GPE,-0.15000000,0.30000000,en,1.00000000,,-1,,,,,,
the Philippine Sea,the Philippine Sea,LOC,0.23333333,0.40000000,en,1.00000000,,-1,,,,,,
Jilin,Jilin,GPE,0.00000000,0.00000000,en,1.00000000,4342897-6,2036502,X,43.85083000,126.56028000,ASIA,China,EAS
SAN JUAN,SAN JUAN,GPE,0.00000000,0.50000000,en,1.00000000,,-1,,,,,,
North M,North M,LOC,-0.04666667,0.39000000,en,1.00000000,,-1,,,,,,
Narita,Narita,GPE,0.00000000,0.00000000,en,1.00000000,4265233-9,2111684,X,35.78332900,140.31666900,ASIA,Japan,EAS
Yamada,Yamada,GPE,0.00000000,0.00000000,en,1.00000000,,-1,,,,,,
policya,policya,GPE,0.00000000,0.00000000,en,1.00000000,,-1,,,,,,
New Jers…,New Jers…,GPE,0.06818182,0.41477273,en,1.00000000,,-1,,,,,,
Virginia,Virginia,GPE,0.06818182,0.41477273,en,1.00000000,4063592-2,6254928,X,37.54811900,-77.44674900,NORTH-AMERICA,United States,ENA
Santa Rosalía,Santa Rosalía,GPE,0.00000000,0.00000000,en,1.00000000,,-1,,,,,,
GNSS,GNSS,GPE,0.00000000,0.00000000,en,1.00000000,,-1,,,,,,
Sylhet,Sylhet,GPE,0.00000000,0.00000000,en,1.00000000,4572147-6,1185099,X,24.89903900,91.87197900,ASIA,Bangladesh,SAS
Brumadinh,Brumadinh,GPE,0.05000000,0.34000000,en,1.00000000,,-1,,,,,,
Rome Collapses,Rome Collapses,GPE,0.00000000,0.00000000,en,1.00000000,,-1,,,,,,
Lebanon,Lebanon,GPE,0.00000000,0.21666667,en,1.00000000,,-1,,,,,,
Astoria,Astoria,GPE,0.10000000,0.10000000,en,1.00000000,,-1,,,,,,
Netherlands,Netherlands,GPE,0.00000000,0.55000000,en,1.00000000,4042203-3,2750405,X,52.50000000,5.75000000,EUROPE,The Netherlands,NEU
the Grand Sud,the Grand Sud,LOC,0.50000000,1.00000000,en,1.00000000,,-1,,,,,,
Madagascar,Madagascar,GPE,0.50000000,1.00000000,en,1.00000000,4074425-5,1062947,X,-20.00000000,47.00000000,AFRICA,Madagascar,MDG
Roman,Roman,GPE,-0.10000000,0.20000000,en,1.00000000,,-1,,,,,,
the East African Rift System,the East African Rift System,LOC,0.00000000,0.00000000,en,1.00000000,,-1,,,,,,
Behn,Behn,GPE,0.00000000,0.00000000,en,1.00000000,,-1,,,,,,
Mountain,Mountain,LOC,0.00000000,0.00000000,en,1.00000000,,-1,,,,,,
Moscow,Moscow,GPE,0.00000000,0.00000000,en,1.00000000,4074987-3,524901,X,55.75222200,37.61555500,EUROPE,Russia,WCE
Klauea Volcano,Klauea Volcano,LOC,0.00000000,1.00000000,en,1.00000000,,-1,,,,,,
Kīlauea Volcano,Kīlauea Volcano,LOC,0.00000000,1.00000000,en,1.00000000,,-1,,,,,,
TikToks,TikToks,GPE,0.00000000,0.00000000,en,1.00000000,,-1,,,,,,
Concord,Concord,GPE,0.10416667,0.67083333,en,1.00000000,,-1,,,,,,
Melbourne,Melbourne,GPE,0.12500000,0.16666667,en,1.00000000,4038526-7,2158177,X,-37.81400000,144.96332000,OCEANIA,Australia,SAU
Balkesirs Sndrg,Balkesirs Sndrg,LOC,0.08666667,0.28000000,en,1.00000000,,-1,,,,,,
Egypt,Egypt,GPE,0.00000000,0.00000000,en,1.00000000,4000556-2,357994,X,27.00000000,30.00000000,AFRICA,Egypt,SAH
Uwan,Uwan,GPE,0.33333333,0.66666667,en,1.00000000,,-1,,,,,,
Montenegro,Montenegro,GPE,0.00000000,0.00000000,en,1.00000000,4040163-7,3194884,X,42.50000000,19.30000000,EUROPE-AFRICA,Montenegro,MED
Aleutian Islands,Aleutian Islands,LOC,-0.05000000,0.20000000,en,1.00000000,,-1,,,,,,
Alaskas,Alaskas,GPE,-0.05000000,0.20000000,en,1.00000000,,-1,,,,,,
Northridge,Northridge,GPE,0.10000000,0.45000000,en,1.00000000,,-1,,,,,,
Nutcracker,Nutcracker,GPE,0.00000000,0.00000000,en,1.00000000,,-1,,,,,,
Northern Luzon,Northern Luzon,LOC,0.18888889,0.63333333,en,1.00000000,,-1,,,,,,
Haneda,Haneda,GPE,0.00000000,0.00000000,en,1.00000000,,-1,,,,,,
Myanmars,Myanmars,GPE,-0.02500000,0.11071429,en,1.00000000,,-1,,,,,,
Puerto Rico,Puerto Rico,GPE,0.00000000,0.50000000,en,1.00000000,4076429-1,4566966,X,18.24829000,-66.49988900,CENTRAL-AMERICA,Puerto Rico,CAR
Bhutnal Tanda,Bhutnal Tanda,GPE,0.10000000,0.40000000,en,1.00000000,,-1,,,,,,
Valtonera,Valtonera,GPE,-0.12500000,0.75000000,en,1.00000000,,-1,,,,,,
Jiuzhaigou,Jiuzhaigou,GPE,0.00000000,0.00000000,en,1.00000000,1154463214,8504880,X,33.25944400,104.24111100,ASIA,China,EAS
Noto Peninsula,Noto Peninsula,LOC,0.05000000,0.30000000,en,1.00000000,,-1,,,,,,
Timor-Leste,Timor-Leste,GPE,0.23333333,0.40000000,en,1.00000000,4075765-1,1966436,X,-8.83333000,125.75000000,ASIA,Timor Leste,SEA
the Banda Sea,the Banda Sea,LOC,0.23333333,0.40000000,en,1.00000000,,-1,,,,,,
Banda Sea,Banda Sea,LOC,0.50000000,0.50000000,en,1.00000000,,-1,,,,,,
the Simav Fault,the Simav Fault,LOC,0.00000000,0.25000000,en,1.00000000,,-1,,,,,,
Balkesir,Balkesir,GPE,0.00000000,0.00000000,en,1.00000000,,-1,,,,,,
ANKARA,ANKARA,GPE,0.06666667,0.33888889,en,1.00000000,,-1,,,,,,
Sindirgi,Sindirgi,GPE,0.18333333,0.72000000,en,1.00000000,,-1,,,,,,
Manisa,Manisa,GPE,0.00000000,0.00000000,en,1.00000000,,-1,,,,,,
Bursa,Bursa,GPE,0.00000000,0.00000000,en,1.00000000,,-1,,,,,,
Sindir,Sindir,GPE,0.21666667,0.36666667,en,1.00000000,,-1,,,,,,
Guadeloupe,Guadeloupe,GPE,0.10000000,0.30000000,en,1.00000000,4086841-2,3579143,X,16.25000000,-61.58332900,CENTRAL-AMERICA,Guadeloupe,CAR
NC,NC,GPE,0.00000000,0.00000000,en,1.00000000,,-1,,,,,,
Puerto Rico’s,Puerto Rico’s,GPE,-0.50000000,1.00000000,en,1.00000000,,-1,,,,,,
U.K.,U.K.,GPE,0.00000000,0.00000000,en,1.00000000,,-1,,,,,,
Black River,Black River,LOC,-0.08333333,0.21666667,en,1.00000000,,-1,,,,,,
Kholm,Kholm,GPE,0.00000000,0.00000000,en,1.00000000,,-1,,,,,,
Vizag,Vizag,GPE,0.03393939,0.43757576,en,1.00000000,4324044-6,1253102,X,17.69003900,83.20924900,ASIA,India,SAS
Northern Chile,Northern Chile,LOC,0.00000000,0.00000000,en,1.00000000,,-1,,,,,,
Typhoon Kalmaegis,Typhoon Kalmaegis,LOC,-0.10000000,0.40000000,en,1.00000000,,-1,,,,,,
Typhoon Kalmaegi,Typhoon Kalmaegi,LOC,0.00000000,0.00000000,en,1.00000000,,-1,,,,,,
PESHAWAR,PESHAWAR,GPE,0.02500000,0.30000000,en,1.00000000,,-1,,,,,,
Cincinnati,Cincinnati,GPE,-0.12500000,0.92500000,en,1.00000000,,-1,,,,,,
Sunda,Sunda,GPE,0.00000000,0.00000000,en,1.00000000,,-1,,,,,,
Cascadia,Cascadia,LOC,0.06250000,0.50000000,en,1.00000000,,-1,,,,,,
Spedar,Spedar,GPE,0.22500000,0.77500000,en,1.00000000,,-1,,,,,,
Kunar,Kunar,GPE,0.22500000,0.77500000,en,1.00000000,,-1,,,,,,
Southern California,Southern California,LOC,0.22000000,0.40000000,en,1.00000000,,-1,,,,,,
Puerto Rico's,Puerto Rico's,GPE,-0.50000000,1.00000000,en,1.00000000,,-1,,,,,,
Pacific Northwest,Pacific Northwest,LOC,0.00000000,0.00000000,en,1.00000000,,-1,,,,,,
Atlantic,Atlantic,LOC,0.00000000,0.00000000,en,1.00000000,,-1,,,,,,
Guerrero,Guerrero,GPE,0.06666667,0.23333333,en,1.00000000,,-1,,,,,,
